{
  "Ansi 6 Color" : {
    "Red Component" : 0.337254901961,
    "Color Space" : "sRGB",
    "Blue Component" : 0.76078431372499999,
    "Alpha Component" : 1,
    "Green Component" : 0.71372549019599996
  },
  "Tags" : [

  ],
  "Ansi 12 Color" : {
    "Red Component" : 0.38039215686299999,
    "Color Space" : "sRGB",
    "Blue Component" : 0.93725490196100003,
    "Alpha Component" : 1,
    "Green Component" : 0.68627450980399995
  },
  "Ansi 7 Color" : {
    "Red Component" : 0.86274509803900001,
    "Color Space" : "sRGB",
    "Blue Component" : 0.89411764705899999,
    "Alpha Component" : 1,
    "Green Component" : 0.87450980392199995
  },
  "Draw Powerline Glyphs" : true,
  "Bold Color" : {
    "Red Component" : 0.67058825492858887,
    "Color Space" : "sRGB",
    "Blue Component" : 0.74901962280273438,
    "Alpha Component" : 1,
    "Green Component" : 0.69803923368453979
  },
  "Ansi 8 Color" : {
    "Red Component" : 0.15686274509799999,
    "Color Space" : "sRGB",
    "Blue Component" : 0.203921568627,
    "Alpha Component" : 1,
    "Green Component" : 0.17254901960800001
  },
  "Ansi 9 Color" : {
    "Red Component" : 0.87843137254899994,
    "Color Space" : "sRGB",
    "Blue Component" : 0.458823529412,
    "Alpha Component" : 1,
    "Green Component" : 0.42352941176499997
  },
  "Custom Directory" : "No",
  "Rows" : 25,
  "Default Bookmark" : "No",
  "Right Option Key Sends" : 0,
  "Blend" : 0.24858309096184333,
  "Cursor Guide Color" : {
    "Red Component" : 0.19215686274499999,
    "Color Space" : "sRGB",
    "Blue Component" : 0.25098039215700002,
    "Alpha Component" : 0.25,
    "Green Component" : 0.211764705882
  },
  "Non-ASCII Anti Aliased" : true,
  "Use Bright Bold" : true,
  "Ansi 10 Color" : {
    "Red Component" : 0.59607843137299998,
    "Color Space" : "sRGB",
    "Blue Component" : 0.47450980392199998,
    "Alpha Component" : 1,
    "Green Component" : 0.76470588235299997
  },
  "Ambiguous Double Width" : false,
  "Jobs to Ignore" : [
    "rlogin",
    "ssh",
    "slogin",
    "telnet"
  ],
  "Ansi 15 Color" : {
    "Red Component" : 0.86274509803900001,
    "Color Space" : "sRGB",
    "Blue Component" : 0.89411764705899999,
    "Alpha Component" : 1,
    "Green Component" : 0.87450980392199995
  },
  "Foreground Color" : {
    "Red Component" : 0.86274509803900001,
    "Color Space" : "sRGB",
    "Blue Component" : 0.89411764705899999,
    "Alpha Component" : 1,
    "Green Component" : 0.87450980392199995
  },
  "Working Directory" : "\/Users\/p393704",
  "Blinking Cursor" : false,
  "Space" : 0,
  "Sync Title" : false,
  "Prompt Before Closing 2" : false,
  "BM Growl" : true,
  "Mouse Reporting" : true,
  "Command" : "",
  "Description" : "Default",
  "Disable Window Resizing" : true,
  "Screen" : -1,
  "Selection Color" : {
    "Red Component" : 0.27843137254900002,
    "Color Space" : "sRGB",
    "Blue Component" : 0.364705882353,
    "Alpha Component" : 1,
    "Green Component" : 0.30588235294100002
  },
  "Only The Default BG Color Uses Transparency" : false,
  "Columns" : 80,
  "Idle Code" : 0,
  "Background Image Mode" : 2,
  "Ansi 13 Color" : {
    "Red Component" : 0.77647058823500004,
    "Color Space" : "sRGB",
    "Blue Component" : 0.86666666666699999,
    "Alpha Component" : 1,
    "Green Component" : 0.47058823529400001
  },
  "Brighten Bold Text" : true,
  "Custom Command" : "No",
  "ASCII Anti Aliased" : true,
  "Non Ascii Font" : "HackNerdFontCompleteM-Regular 18",
  "Vertical Spacing" : 1,
  "Use Bold Font" : true,
  "Option Key Sends" : 0,
  "Selected Text Color" : {
    "Red Component" : 0.86274509803900001,
    "Color Space" : "sRGB",
    "Blue Component" : 0.89411764705899999,
    "Alpha Component" : 1,
    "Green Component" : 0.87450980392199995
  },
  "Background Color" : {
    "Red Component" : 0.086077937158506757,
    "Color Space" : "sRGB",
    "Blue Component" : 0.12137746810913086,
    "Alpha Component" : 1,
    "Green Component" : 0.097844447475381485
  },
  "Character Encoding" : 4,
  "Ansi 11 Color" : {
    "Red Component" : 0.89803921568599998,
    "Color Space" : "sRGB",
    "Blue Component" : 0.48235294117600003,
    "Alpha Component" : 1,
    "Green Component" : 0.75294117647100001
  },
  "Non-ASCII Ligatures" : true,
  "Thin Strokes" : 4,
  "Use Italic Font" : true,
  "Unlimited Scrollback" : false,
  "Keyboard Map" : {
    "0x33-0x200000-0x0" : {
      "Text" : "3",
      "Action" : 12
    },
    "0xf712-0x40000-0x0" : {
      "Text" : "[28;5~",
      "Action" : 10
    },
    "0x2f-0x200000-0x0" : {
      "Text" : "\/",
      "Action" : 12
    },
    "0x3-0x200000-0x0" : {
      "Text" : "0xd",
      "Action" : 11
    },
    "0x38-0x200000-0x0" : {
      "Text" : "8",
      "Action" : 12
    },
    "0xf728-0x80000-0x0" : {
      "Text" : "d",
      "Action" : 10
    },
    "0xf70e-0x20000-0x0" : {
      "Text" : "[23;2~",
      "Action" : 10
    },
    "0xf701-0x220000-0x0" : {
      "Text" : "[1;2B",
      "Action" : 10
    },
    "0x32-0x40000-0x0" : {
      "Text" : "0x00",
      "Action" : 11
    },
    "0xf700-0x240000-0x0" : {
      "Text" : "[1;5A",
      "Action" : 10
    },
    "0xf703-0x220000-0x0" : {
      "Text" : "[1;2C",
      "Action" : 10
    },
    "0xf70b-0x20000-0x0" : {
      "Text" : "[19;2~",
      "Action" : 10
    },
    "0xf702-0x240000-0x0" : {
      "Text" : "[1;5D",
      "Action" : 10
    },
    "0xf70d-0x40000-0x0" : {
      "Text" : "[21;5~",
      "Action" : 10
    },
    "0xf701-0x280000" : {
      "Text" : "0x1b 0x1b 0x5b 0x42",
      "Action" : 11
    },
    "0xf701-0x260000-0x0" : {
      "Text" : "[1;6B",
      "Action" : 10
    },
    "0xf72b-0x40000-0x0" : {
      "Text" : "[1;5F",
      "Action" : 10
    },
    "0xf70a-0x40000-0x0" : {
      "Text" : "[18;5~",
      "Action" : 10
    },
    "0x31-0x200000-0x0" : {
      "Text" : "1",
      "Action" : 12
    },
    "0xf703-0x260000-0x0" : {
      "Text" : "[1;6C",
      "Action" : 10
    },
    "0x2d-0x200000-0x0" : {
      "Text" : "-",
      "Action" : 12
    },
    "0xf709-0x20000-0x0" : {
      "Text" : "[17;2~",
      "Action" : 10
    },
    "0xf700-0x280000" : {
      "Text" : "0x1b 0x1b 0x5b 0x41",
      "Action" : 11
    },
    "0x36-0x200000-0x0" : {
      "Text" : "6",
      "Action" : 12
    },
    "0xf706-0x20000-0x0" : {
      "Text" : "[1;2R",
      "Action" : 10
    },
    "0x36-0x40000-0x0" : {
      "Text" : "0x1e",
      "Action" : 11
    },
    "0xf702-0x280000-0x0" : {
      "Text" : "b",
      "Action" : 10
    },
    "0xf729-0x40000-0x0" : {
      "Text" : "[1;5H",
      "Action" : 10
    },
    "0x2d-0x40000-0x0" : {
      "Text" : "0x1f",
      "Action" : 11
    },
    "0xf708-0x40000-0x0" : {
      "Text" : "[15;5~",
      "Action" : 10
    },
    "0xf702-0x300000-0x0" : {
      "Text" : "0x1",
      "Action" : 11
    },
    "0x7f-0x80000-0x0" : {
      "Text" : "0x1b 0x7f",
      "Action" : 11
    },
    "0xf705-0x40000-0x0" : {
      "Text" : "[1;5Q",
      "Action" : 10
    },
    "0xf711-0x40000-0x0" : {
      "Text" : "[26;5~",
      "Action" : 10
    },
    "0x33-0x40000-0x0" : {
      "Text" : "0x1b",
      "Action" : 11
    },
    "0x2b-0x200000-0x0" : {
      "Text" : "+",
      "Action" : 12
    },
    "0xf70d-0x20000-0x0" : {
      "Text" : "[21;2~",
      "Action" : 10
    },
    "0x34-0x200000-0x0" : {
      "Text" : "4",
      "Action" : 12
    },
    "0xf72b-0x20000-0x0" : {
      "Text" : "[1;2F",
      "Action" : 10
    },
    "0x39-0x200000-0x0" : {
      "Text" : "9",
      "Action" : 12
    },
    "0xf70f-0x40000-0x0" : {
      "Text" : "[24;5~",
      "Action" : 10
    },
    "0xf70a-0x20000-0x0" : {
      "Text" : "[18;2~",
      "Action" : 10
    },
    "0xf70c-0x40000-0x0" : {
      "Text" : "[20;5~",
      "Action" : 10
    },
    "0x37-0x40000-0x0" : {
      "Text" : "0x1f",
      "Action" : 11
    },
    "0xf708-0x20000-0x0" : {
      "Text" : "[15;2~",
      "Action" : 10
    },
    "0xf729-0x20000-0x0" : {
      "Text" : "[1;2H",